﻿<UpdateInfo MD5="7EEB49A38AE32F7DEDF958BFA3161D53">
	<UpdateLog>Dism++ 10.1.1000.100 夏季更新 14:18 2019/6/7
1. 解决Bug，ISO功能无法创建超过7.9GB的ISO问题（感谢 行走世间全是妖怪）。
2. 解决Bug，14393等老版本Win10不能正常InfusedApps不删除问题。
3. 解决Bug，某些网络环境无法自动更新问题。
4. 解决Bug，解决1903平台NCleaner传递优化缓存崩溃问题。
5. 改进体验，将备份还原特权调整为可选，增强Dism++可用性。
6. 其他，wimgapi.dll更新到Windows 10 17763。
7. 其他，全面切换到VS2019编译。


Dism++本身并非开源软件，还请大家莫要再误解了。

详细信息请参考更新日志</UpdateLog>
	<Tag>1208</Tag>
	<URLS>
		<URL>http://cdn.chuyu.me/files/</URL>
	</URLS>
	<FileCollection>
		<File Path="Dism++ARM64.exe" Exist="True">
			<Version MD5="6FA839300E46D14FA4E7E5EC9F06E5B5">
				<Delta Size="172706" URL="Dism++ARM64.exe_10.1.1000.80~10.1.1000.100.psf" MD5="D642B17F2486D93346A9A7AC1ED34347" Type="PA30" Base="37FC221D8C08F0093B927D965667AD10"/>
				<Delta Size="162505" URL="Dism++ARM64.exe_10.1.1000.90~10.1.1000.100.psf" MD5="9B3BE24CC40711B2D7182C31D5D36F53" Type="PA30" Base="C96DF3CB2F94098A6A7C3E1C8CE31EDF"/>
				<Delta Size="404980" URL="Dism++ARM64.exe_10.1.1000.100.cab" MD5="F2065B843E30A6F1C7A11D2D8F7267E7" Type="MSCF"/>
			</Version>
		</File>
		<File Path="Dism++x64.exe" Exist="True" zip="true" Size="345501" MD5="EF040CF24EB8737AD899A0ACDCB41DDA" URL="http://cdn.chuyu.me/files/Dism++x64_10.1.21.2B.zip">
			<Version MD5="C093D77B4B858AFD7F2FDAB2745A7252">
				<Delta Size="254875" URL="Dism++x64.exe_10.1.1000.52~10.1.1000.100.psf" MD5="22F4E796C32AC45C43593AB961836795" Type="PA30" Base="A73D14EB34FC1E6400B0C803506EA471"/>
				<Delta Size="253717" URL="Dism++x64.exe_10.1.1000.60~10.1.1000.100.psf" MD5="A645D1C5785BB28F91F5E4D3147D5F58" Type="PA30" Base="4BB122AF34FDBE6CCD97386015D2357E"/>
				<Delta Size="253594" URL="Dism++x64.exe_10.1.1000.61~10.1.1000.100.psf" MD5="CADC3D07C22745E9A8D9140CD32B4EA9" Type="PA30" Base="1045A35ECC2CBD025E7927198F8CDBFF"/>
				<Delta Size="253300" URL="Dism++x64.exe_10.1.1000.62~10.1.1000.100.psf" MD5="D85D2F6CCD8389D8402BD3AAD37C60AF" Type="PA30" Base="B75A0884DA69B5B3292E7AD5DB53815C"/>
				<Delta Size="252207" URL="Dism++x64.exe_10.1.1000.70~10.1.1000.100.psf" MD5="94F92AFC530834D227D301FB61D3DB69" Type="PA30" Base="BD7A016436380CC29EFB5E030A223553"/>
				<Delta Size="198747" URL="Dism++x64.exe_10.1.1000.80~10.1.1000.100.psf" MD5="5A4D3C4E727369436F43B518DEAB9211" Type="PA30" Base="08DCCCD144F15DCF59C00BF659123E02"/>
				<Delta Size="188421" URL="Dism++x64.exe_10.1.1000.90~10.1.1000.100.psf" MD5="A7528393BFA096395A11A0019093FD43" Type="PA30" Base="DE7AF7A1B4D193E2D0CDEB2F706E5E41"/>
				<Delta Size="440328" URL="Dism++x64.exe_10.1.1000.100.cab" MD5="25B471E142A031BE9E5AEB343CF70A35" Type="MSCF"/>
			</Version>
		</File>
		<File Path="Dism++x86.exe" Exist="True" zip="true" Size="257672" MD5="D784CC8E300D7D16B3D6645FD952B67A" URL="http://cdn.chuyu.me/files/Dism++x86_10.1.21.2B.zip">
			<Version MD5="7803782E31F109A93A9CEE25582165BC">
				<Delta Size="177661" URL="Dism++x86.exe_10.1.1000.52~10.1.1000.100.psf" MD5="80A6C10AB9392242A660030A10E84ABB" Type="PA30" Base="CA45D3CE291BD796A7BF644F0335BE67"/>
				<Delta Size="176190" URL="Dism++x86.exe_10.1.1000.60~10.1.1000.100.psf" MD5="52C474A60C8F9649854F09B1C76EFC0E" Type="PA30" Base="33E50FAB359C85B51A92390B9AA198C4"/>
				<Delta Size="176235" URL="Dism++x86.exe_10.1.1000.61~10.1.1000.100.psf" MD5="A3BD7EC56DF02612C5C52045E94CA1EE" Type="PA30" Base="9280EC77C3012180E947F7B9EFD7F24A"/>
				<Delta Size="174847" URL="Dism++x86.exe_10.1.1000.62~10.1.1000.100.psf" MD5="43DC5E55DF8358E0D250CCC2A5A7A4A7" Type="PA30" Base="75FFD3B2DC3482FD7EECDB4381CF85E6"/>
				<Delta Size="174041" URL="Dism++x86.exe_10.1.1000.70~10.1.1000.100.psf" MD5="DE3CFDAC8C667F6AAB49FE1F55393D19" Type="PA30" Base="3D936AFB4D2BB76BB44BC05424E2DEB2"/>
				<Delta Size="133534" URL="Dism++x86.exe_10.1.1000.80~10.1.1000.100.psf" MD5="8502AF0E82A6B47D2763847A7C34FEE2" Type="PA30" Base="840C05866F1C54A21CF9A172DAC5579D"/>
				<Delta Size="127154" URL="Dism++x86.exe_10.1.1000.90~10.1.1000.100.psf" MD5="0CC4CCCF8601F9F4C1268198B0957BF6" Type="PA30" Base="46CEF1BDA80A4264059C9C2BA6846870"/>
				<Delta Size="342628" URL="Dism++x86.exe_10.1.1000.100.cab" MD5="EF0131F6D94F895C95AED39B47964E0B" Type="MSCF"/>
			</Version>
		</File>
		<File Path="Config\Data.zip">
			<Version MD5="09D76693402A51B0E155CDFDC1C4192D">
				<Delta Size="44412" URL="Config_Data.zip_2018-08-20~2019-04-15.psf" MD5="5CB7C0865750E1833578D7583F92557B" Type="PA30" Base="6B17865A8BBAF454656899403726C709"/>
				<Delta Size="45609" URL="Config_Data.zip_2019-01-12~2019-04-15.psf" MD5="FF084737D63844B6FF427AE1745C1331" Type="PA30" Base="F3E5156B8DD80BC88F00862371E6E74E"/>
				<Delta Size="45823" URL="Config_Data.zip_2019-01-18~2019-04-15.psf" MD5="35327F8EA7E02D83F27F4327F78F57D6" Type="PA30" Base="DA9E1D9CCEA842DCA6FFA9B588FF6BCB"/>
				<Delta Size="46427" URL="Config_Data.zip_2019-04-15.cab" MD5="96003EC66C1BD051FE0C589E63A8D266" Type="MSCF"/>
			</Version>
		</File>
		<File Path="Config\arm64\CBSHost.dll" Exist="True">
			<Applicable>
				<FileExist FilePath="%0%Dism++ARM64.exe"/>
			</Applicable>
			<Version MD5="F06CA20B70EA873010DE6AF5DB099249">
				<Delta Size="22481" URL="Config_arm64_CBSHost.dll_10.1.1000.80~10.1.1000.100.psf" MD5="6E92C990560D6249E30B645F4985EA5E" Type="PA30" Base="5AC412ED49000B274B4BA3B93C4B4054"/>
				<Delta Size="19818" URL="Config_arm64_CBSHost.dll_10.1.1000.90~10.1.1000.100.psf" MD5="694B78FF846D1E65DC673E21B17F4FF1" Type="PA30" Base="B0022590E7692F4E68DF67CFEA8D0947"/>
				<Delta Size="62572" URL="Config_arm64_CBSHost.dll_10.1.1000.100.cab" MD5="6CFE86030AE15184B2960CF26779F559" Type="MSCF"/>
			</Version>
		</File>
		<File Path="Config\amd64\CBSHost.dll" Exist="True" zip="true" Size="67375" MD5="C61109115A83DE72833DC356C7D764E4" URL="http://cdn.chuyu.me/files/CBSHost_amd64_10.1.21.2.zip">
			<Applicable>
				<FileExist FilePath="%0%Dism++x64.exe"/>
			</Applicable>
			<Version MD5="965B97EBD792450976ACB36650C2A0C1">
				<Delta Size="34396" URL="Config_amd64_CBSHost.dll_10.1.1000.60~10.1.1000.100.psf" MD5="03949D4A9B00747B9A7B0AA6162A69C1" Type="PA30" Base="EB5FE3789E6B09E04145A265332FC4DA"/>
				<Delta Size="34333" URL="Config_amd64_CBSHost.dll_10.1.1000.62~10.1.1000.100.psf" MD5="40CB863207B4B982B3097CDFDC52B3AD" Type="PA30" Base="DC4AB873C08213336548C22A6D8DD3F0"/>
				<Delta Size="26082" URL="Config_amd64_CBSHost.dll_10.1.1000.80~10.1.1000.100.psf" MD5="7AC16E486F33C419897280C27245267C" Type="PA30" Base="63C5F6B96A5B944BD01389F0BB972A97"/>
				<Delta Size="24416" URL="Config_amd64_CBSHost.dll_10.1.1000.90~10.1.1000.100.psf" MD5="A14C6499442F6E0A308409447B3A07F3" Type="PA30" Base="4890CB628DC84C1888102BB467646A4F"/>
				<Delta Size="67532" URL="Config_amd64_CBSHost.dll_10.1.1000.100.cab" MD5="941723FC35D798EE36C99E2141330D45" Type="MSCF"/>
			</Version>
		</File>
		<File Path="Config\x86\CBSHost.dll" Exist="True" zip="true" Size="55141" MD5="25A63C0086B88A6E062E50E9EC577395" URL="http://cdn.chuyu.me/files/CBSHost_x86_10.1.21.2.zip">
			<Version MD5="57D272CFA33DF15243354A7C43A7E4BA">
				<Delta Size="27340" URL="Config_x86_CBSHost.dll_10.1.1000.60~10.1.1000.100.psf" MD5="15143EEC4D73954F99476E43F4E7C433" Type="PA30" Base="423C511B1B7F33C74D6644CB3B3C8AD4"/>
				<Delta Size="27306" URL="Config_x86_CBSHost.dll_10.1.1000.62~10.1.1000.100.psf" MD5="B9C4F88C36654A50DDB37864AE730447" Type="PA30" Base="44C4FE5CBFE3EB17585C146EE06A45E9"/>
				<Delta Size="20796" URL="Config_x86_CBSHost.dll_10.1.1000.80~10.1.1000.100.psf" MD5="F9F3E938DCAA4E1B97A08531C6C9299B" Type="PA30" Base="C5EB6FFBBD59941A04EA8FE65EAADD81"/>
				<Delta Size="19197" URL="Config_x86_CBSHost.dll_10.1.1000.90~10.1.1000.100.psf" MD5="F7EC90E9FC229F04FA58D08AFE0FC656" Type="PA30" Base="4D952816305D552E560923DDF45F4E69"/>
				<Delta Size="56148" URL="Config_x86_CBSHost.dll_10.1.1000.100.cab" MD5="43556212E789826FB45BC54CC97D8C71" Type="MSCF"/>
			</Version>
		</File>
		<File Path="Config\default.ui.zip" Exist="True">
			<Version MD5="E4B7BEF45A8F48832BA59396509DCB76">
				<Delta Size="10253" URL="Config_default.ui.zip_2017-05-31~2017-10-12.psf" MD5="04F45FDF4DFDCA796FA7DB39E1E40C74" Type="PA30" Base="8B2A79ABB65248386E98435BD589BE6E"/>
				<Delta Size="10249" URL="Config_default.ui.zip_2017-06-25~2017-10-12.psf" MD5="9BDAF8111560BBAA29F4A1B244FAE2C6" Type="PA30" Base="E56D76FBD2A4595EE79D865DF2789F6E"/>
				<Delta Size="929" URL="Config_default.ui.zip_2017-08-13~2017-10-12.psf" MD5="4438F1D9C728942E1E2FD4125D01AD33" Type="PA30" Base="BEFD81F29375FBDAAB5A229D3DC8F16F"/>
				<Delta Size="28019" URL="Config_default.ui.zip_2017-10-12.cab" MD5="27467756252D5058D6186827FEE8DF0F" Type="MSCF"/>
			</Version>
		</File>
		<File Path="Config\Plugins\FrogPlugins_Pcn7FMvReAsVWfCQBfRJCw\Plugin.arm64.dll" Exist="True">
			<Applicable>
				<FileExist FilePath="%0%Dism++ARM64.exe"/>
			</Applicable>
			<Version MD5="FA427B369789C3B70CB18CD4E9CF18B6">
				<Delta Size="11061" URL="Config_Plugins_FrogPlugins_Pcn7FMvReAsVWfCQBfRJCw_Plugin.arm64.dll_10.1.1000.80~10.1.1000.100.psf" MD5="C90395ABC9B24BFDB1EB56DC629167C2" Type="PA30" Base="EC43494A7F204034B677DFCBB17B4690"/>
				<Delta Size="48431" URL="Config_Plugins_FrogPlugins_Pcn7FMvReAsVWfCQBfRJCw_Plugin.arm64.dll_10.1.1000.100.cab" MD5="9D26831DD514D64ADB262BFC77E82CBA" Type="MSCF"/>
			</Version>
		</File>
		<File Path="Config\Plugins\FrogPlugins_Pcn7FMvReAsVWfCQBfRJCw\Plugin.amd64.dll" Exist="True">
			<Applicable>
				<FileExist FilePath="%0%Dism++x64.exe"/>
			</Applicable>
			<Version MD5="911D2ED8D5EDD5E4FC68CF43F5A97205">
				<Delta Size="31909" URL="Config_Plugins_FrogPlugins_Pcn7FMvReAsVWfCQBfRJCw_Plugin.amd64.dll_10.1.1000.0~10.1.1000.100.psf" MD5="04F26F5FE176CBEB850233F5DC114A04" Type="PA30" Base="8DE00900B0C31ACED60B21B0DBF4C73B"/>
				<Delta Size="31473" URL="Config_Plugins_FrogPlugins_Pcn7FMvReAsVWfCQBfRJCw_Plugin.amd64.dll_10.1.1000.10~10.1.1000.100.psf" MD5="672CC4BC887ADF3A59244E220E3B3455" Type="PA30" Base="E2A7B8657CF2CCD18A35A8B9470CCA16"/>
				<Delta Size="30848" URL="Config_Plugins_FrogPlugins_Pcn7FMvReAsVWfCQBfRJCw_Plugin.amd64.dll_10.1.1000.40~10.1.1000.100.psf" MD5="95942EFAC3AC777E2B720BA41C6F51CD" Type="PA30" Base="B869B4549B0D87E8C21483607D1BA136"/>
				<Delta Size="30223" URL="Config_Plugins_FrogPlugins_Pcn7FMvReAsVWfCQBfRJCw_Plugin.amd64.dll_10.1.1000.52~10.1.1000.100.psf" MD5="9249E6A980435E80662D60C0189F756D" Type="PA30" Base="D15E034495627AE34FC5DE6A5C58EACE"/>
				<Delta Size="29244" URL="Config_Plugins_FrogPlugins_Pcn7FMvReAsVWfCQBfRJCw_Plugin.amd64.dll_10.1.1000.70~10.1.1000.100.psf" MD5="E59D7E9E00290580C014865D46741E98" Type="PA30" Base="F1DAF0600C7F1901472170C1C033CD2D"/>
				<Delta Size="28973" URL="Config_Plugins_FrogPlugins_Pcn7FMvReAsVWfCQBfRJCw_Plugin.amd64.dll_10.1.1000.71~10.1.1000.100.psf" MD5="4EA1871ED3EA092622B9913304D2FCBC" Type="PA30" Base="51F3B735594F15BD26DD4024EB51A26B"/>
				<Delta Size="15038" URL="Config_Plugins_FrogPlugins_Pcn7FMvReAsVWfCQBfRJCw_Plugin.amd64.dll_10.1.1000.80~10.1.1000.100.psf" MD5="9D79B19417D24E4EECFEE12D267FC1DF" Type="PA30" Base="DB9E0F558CE60C5067BA356DA47E8E66"/>
				<Delta Size="35462" URL="Config_Plugins_FrogPlugins_Pcn7FMvReAsVWfCQBfRJCw_Plugin.amd64.dll_10.1.20.9~10.1.1000.100.psf" MD5="F34A7C4A84BD6D4324B0DCFF21CB18EB" Type="PA30" Base="9D2949CBDF3C0C4373963E5A094F847F"/>
				<Delta Size="34173" URL="Config_Plugins_FrogPlugins_Pcn7FMvReAsVWfCQBfRJCw_Plugin.amd64.dll_10.1.21.3~10.1.1000.100.psf" MD5="C49F868821C10B6324443CA05E3CB9B8" Type="PA30" Base="EFA0D7574AA69EB4D7EF61CF051EA93E"/>
				<Delta Size="33744" URL="Config_Plugins_FrogPlugins_Pcn7FMvReAsVWfCQBfRJCw_Plugin.amd64.dll_10.1.24.1~10.1.1000.100.psf" MD5="BAA2B4ACBB69C352C3BCCD351BA75218" Type="PA30" Base="C5140E463C46629DD3C873901E4B61D9"/>
				<Delta Size="33611" URL="Config_Plugins_FrogPlugins_Pcn7FMvReAsVWfCQBfRJCw_Plugin.amd64.dll_10.1.24.2~10.1.1000.100.psf" MD5="382C3694180867B78B7D47856D8FB053" Type="PA30" Base="3FE0BBA3134C965778D7CDAF0D37AF3B"/>
				<Delta Size="32354" URL="Config_Plugins_FrogPlugins_Pcn7FMvReAsVWfCQBfRJCw_Plugin.amd64.dll_10.1.26.3~10.1.1000.100.psf" MD5="BF60EF1997EA71D8305E2F49DFF89FE7" Type="PA30" Base="47D85E6EA9194E192FA73BDE211BB485"/>
				<Delta Size="55487" URL="Config_Plugins_FrogPlugins_Pcn7FMvReAsVWfCQBfRJCw_Plugin.amd64.dll_10.1.1000.100.cab" MD5="8012FE39C76DD422B58C37B4F57ADEDE" Type="MSCF"/>
			</Version>
		</File>
		<File Path="Config\Plugins\FrogPlugins_Pcn7FMvReAsVWfCQBfRJCw\Plugin.x86.dll">
			<Applicable>
				<Or>
					<RegExist Key="HKEY_CURRENT_USER\Software\Dism++FileRequest" Value="Plugin.x86.dll"/>
					<And>
						<FileExist FilePath="%0%Config\Plugins\FrogPlugins_Pcn7FMvReAsVWfCQBfRJCw\Plugin.x86.dll"/>
						<FileExist FilePath="%0%Dism++x86.exe"/>
					</And>
				</Or>
			</Applicable>
			<Version MD5="B9E4E6A99794A488471999CB8AB18D56">
				<Delta Size="25785" URL="Config_Plugins_FrogPlugins_Pcn7FMvReAsVWfCQBfRJCw_Plugin.x86.dll_10.1.1000.0~10.1.1000.100.psf" MD5="A618D60DAD282D0034507C527CE33571" Type="PA30" Base="48CC79AE5DAB522EFE062C642858B1B0"/>
				<Delta Size="25756" URL="Config_Plugins_FrogPlugins_Pcn7FMvReAsVWfCQBfRJCw_Plugin.x86.dll_10.1.1000.10~10.1.1000.100.psf" MD5="9A792F45DB5E500805AC3DCD5503A8EB" Type="PA30" Base="594B235255B7AC0875282E454D15BD8E"/>
				<Delta Size="25076" URL="Config_Plugins_FrogPlugins_Pcn7FMvReAsVWfCQBfRJCw_Plugin.x86.dll_10.1.1000.40~10.1.1000.100.psf" MD5="B3CFDECB0C1940BE87D6E2B0D2837336" Type="PA30" Base="31C3C550A6E9951DEED3534C7BCA8FC1"/>
				<Delta Size="26151" URL="Config_Plugins_FrogPlugins_Pcn7FMvReAsVWfCQBfRJCw_Plugin.x86.dll_10.1.1000.52~10.1.1000.100.psf" MD5="D1602EF70CA445787B7B43951D1D2D94" Type="PA30" Base="1E47F1E38146991BCEC8A72BF5F3BE40"/>
				<Delta Size="25263" URL="Config_Plugins_FrogPlugins_Pcn7FMvReAsVWfCQBfRJCw_Plugin.x86.dll_10.1.1000.70~10.1.1000.100.psf" MD5="D2B8FCD0A0398F2091F4E0F27F447AFD" Type="PA30" Base="E281A79E68F150AF7850A7F9C51F51B0"/>
				<Delta Size="25187" URL="Config_Plugins_FrogPlugins_Pcn7FMvReAsVWfCQBfRJCw_Plugin.x86.dll_10.1.1000.71~10.1.1000.100.psf" MD5="64470CAEBF93FFBDCAC22C983AAB8732" Type="PA30" Base="F19D1747C9B1AA3EC9DD12D18AF38C8E"/>
				<Delta Size="13072" URL="Config_Plugins_FrogPlugins_Pcn7FMvReAsVWfCQBfRJCw_Plugin.x86.dll_10.1.1000.80~10.1.1000.100.psf" MD5="8EBA8ADC30A674C3E8EAAC9A13DA9B84" Type="PA30" Base="F021DFE490A91DA00DB6BC033F8CEE7F"/>
				<Delta Size="28338" URL="Config_Plugins_FrogPlugins_Pcn7FMvReAsVWfCQBfRJCw_Plugin.x86.dll_10.1.20.9~10.1.1000.100.psf" MD5="335932BBEFE8A3F44A0A30471B24578B" Type="PA30" Base="D0E1A1B29EEF7C32650E4E36D9F3C176"/>
				<Delta Size="27315" URL="Config_Plugins_FrogPlugins_Pcn7FMvReAsVWfCQBfRJCw_Plugin.x86.dll_10.1.21.3~10.1.1000.100.psf" MD5="A62FD96D14BEDD4F40A1A02A77CF9449" Type="PA30" Base="666CBE92FDD3673D80BD901A87517472"/>
				<Delta Size="27170" URL="Config_Plugins_FrogPlugins_Pcn7FMvReAsVWfCQBfRJCw_Plugin.x86.dll_10.1.24.1~10.1.1000.100.psf" MD5="0971AA4CB6977DC75F65F18F5B4EAACC" Type="PA30" Base="04000A8F3D6104D635257E10FB33BCC6"/>
				<Delta Size="27058" URL="Config_Plugins_FrogPlugins_Pcn7FMvReAsVWfCQBfRJCw_Plugin.x86.dll_10.1.24.2~10.1.1000.100.psf" MD5="FB41508111DA1F79A4E144BC9618ECFC" Type="PA30" Base="8DF0B0F67261F0708E23B5919BD3FA49"/>
				<Delta Size="26250" URL="Config_Plugins_FrogPlugins_Pcn7FMvReAsVWfCQBfRJCw_Plugin.x86.dll_10.1.26.3~10.1.1000.100.psf" MD5="CEE66ACDA59A5182D72C22CDB2717A7B" Type="PA30" Base="DDFBF0D53C1AE0BA991A1B521ABAB438"/>
				<Delta Size="46375" URL="Config_Plugins_FrogPlugins_Pcn7FMvReAsVWfCQBfRJCw_Plugin.x86.dll_10.1.1000.100.cab" MD5="CEEF66CCD6C2F2E30F609433980BAE7B" Type="MSCF"/>
			</Version>
		</File>
		<File Path="Config\Plugins\FrogPlugins_Pcn7FMvReAsVWfCQBfRJCw\PluginRes.dll">
			<Applicable>
				<Or>
					<FileExist FilePath="%0%Config\Plugins\FrogPlugins_Pcn7FMvReAsVWfCQBfRJCw\Plugin.amd64.dll"/>
					<FileExist FilePath="%0%Config\Plugins\FrogPlugins_Pcn7FMvReAsVWfCQBfRJCw\Plugin.x86.dll"/>
				</Or>
			</Applicable>
			<Version MD5="CAB1EBC67EE075F4844C0836B6B29D73">
				<Delta Size="202906" URL="PluginRes_10.1.10.1.cab" MD5="0B280E9D2E37F451AE9ACE08AFD42782" Type="MSCF"/>
			</Version>
		</File>
		<File Path="Config\amd64\bcdboot.exe" Exist="True">
			<Applicable>
				<FileExist FilePath="%0%Dism++x64.exe"/>
			</Applicable>
			<Version MD5="BE14BE7C8F7F0F4E397B89979CB9CF6B">
				<Delta Size="79554" URL="bcdboot_amd64_10.0.10586.0.cab" MD5="4820C3B4392E4407F8871F3DAD7520F7" Type="MSCF"/>
			</Version>
		</File>
		<File Path="Config\x86\bcdboot.exe" Exist="True">
			<Applicable>
				<FileExist FilePath="%0%Dism++x86.exe"/>
			</Applicable>
			<Version MD5="805A3ACFB09848CE0255D20F7B993313">
				<Delta Size="71476 " URL="bcdboot_x86_10.0.10586.0.cab" MD5="27289F0D4AA6AB64ADE49A503C4D5115" Type="MSCF"/>
			</Version>
		</File>
		<File Path="Config\amd64\wimgapi.dll" Exist="True">
			<Applicable>
				<FileExist FilePath="%0%Dism++x64.exe"/>
			</Applicable>
			<Version MD5="33C3B7D707A59CDA0D6231FB54087008">
				<Delta Size="227561" URL="Config_amd64_wimgapi.dll_10.0.14393.0~10.0.17763.1.psf" MD5="7ED87D3EA143712A9F0D71DC030274D4" Type="PA30" Base="6927F618D61A91A85FB17685311482D3"/>
				<Delta Size="228267" URL="Config_amd64_wimgapi.dll_10.0.15021.1000~10.0.17763.1.psf" MD5="AE058D3569448711BF799E8F7ACAB5A3" Type="PA30" Base="C3529C600FB029BC2D5A547BA851897C"/>
				<Delta Size="228395" URL="Config_amd64_wimgapi.dll_10.0.15021.1001~10.0.17763.1.psf" MD5="39E2BAFA07954094D7AAD532E82B30AA" Type="PA30" Base="F4EEE0E7A6997FB95999494DD685C096"/>
				<Delta Size="211648" URL="Config_amd64_wimgapi.dll_10.0.15052.1000~10.0.17763.1.psf" MD5="4B88D75E11F7631875A87703488F1BE8" Type="PA30" Base="FFF1187CF692965A07DCAD971B4C34C3"/>
				<Delta Size="210751" URL="Config_amd64_wimgapi.dll_10.0.15063.0~10.0.17763.1.psf" MD5="CE342ECA7F810A7DF584C87FA7EA9A6A" Type="PA30" Base="E742164C5F621F26FF2EB362D2CE84B4"/>
				<Delta Size="198243" URL="Config_amd64_wimgapi.dll_10.0.16225.1000~10.0.17763.1.psf" MD5="8864E1BF0E8F7B525D86285EB12065A1" Type="PA30" Base="D71C395347F794B0328B49B5268F0F83"/>
				<Delta Size="196366" URL="Config_amd64_wimgapi.dll_10.0.16299.15~10.0.17763.1.psf" MD5="5EC3ECAB50B6C89C842145E761C187C8" Type="PA30" Base="D2E162747F3F001D43A3348055A7CDD2"/>
				<Delta Size="151751" URL="Config_amd64_wimgapi.dll_10.0.17134.1~10.0.17763.1.psf" MD5="F0FD05F251D3B36677B3F1F94BC807B6" Type="PA30" Base="379C96D981D4794AD2D55EDDCF572C51"/>
				<Delta Size="327632" URL="Config_amd64_wimgapi.dll_10.0.17763.1.cab" MD5="2FE066AE3D84A64A9A08612A6F580F89" Type="MSCF"/>
			</Version>
		</File>
		<File Path="Config\x86\wimgapi.dll" Exist="True">
			<Applicable>
				<FileExist FilePath="%0%Dism++x86.exe"/>
			</Applicable>
			<Version MD5="CC360E43C6791AEE63EF96FB4A95C6BA">
				<Delta Size="169271" URL="Config_x86_wimgapi.dll_10.0.14393.0~10.0.17763.1.psf" MD5="E8739052386FDE680E3E62CF66B9C388" Type="PA30" Base="CF4B0D899A2F1A0B06B5CE65A5E69A02"/>
				<Delta Size="151992" URL="Config_x86_wimgapi.dll_10.0.15021.1000~10.0.17763.1.psf" MD5="617C1D498CD947B235AF7803A61336ED" Type="PA30" Base="A3F4BA3F6964DCFE3FAFEF36846B0787"/>
				<Delta Size="152044" URL="Config_x86_wimgapi.dll_10.0.15021.1001~10.0.17763.1.psf" MD5="C951E4553D50E0A6A839AA9265905617" Type="PA30" Base="D27DC69A83C3B129C5C268BE4903CDA1"/>
				<Delta Size="151876" URL="Config_x86_wimgapi.dll_10.0.15052.1000~10.0.17763.1.psf" MD5="F71265B9B5B09E9992647C4B8697F051" Type="PA30" Base="62D2B6099C74D3DE15C47454CEBAC7FB"/>
				<Delta Size="151012" URL="Config_x86_wimgapi.dll_10.0.15063.0~10.0.17763.1.psf" MD5="0E57B9AD21CBB3C53CB00B25EEEAD2E9" Type="PA30" Base="D85F641D4AD19CCAA0761B76AA16E173"/>
				<Delta Size="135463" URL="Config_x86_wimgapi.dll_10.0.16225.1000~10.0.17763.1.psf" MD5="02021D9C916CAF68745FD5104465079D" Type="PA30" Base="DB0A029F4C66A3C3B130E73476E5FF24"/>
				<Delta Size="133127" URL="Config_x86_wimgapi.dll_10.0.16299.15~10.0.17763.1.psf" MD5="51583DFE6832A44C664136223A6BB0E0" Type="PA30" Base="EF096EA52EF88A8D544ECE9CE8191924"/>
				<Delta Size="79927" URL="Config_x86_wimgapi.dll_10.0.17134.1~10.0.17763.1.psf" MD5="7024F671A2317A55C7B5656027506D52" Type="PA30" Base="D16E3E97547FD6CA910DB75C8938E689"/>
				<Delta Size="282174" URL="Config_x86_wimgapi.dll_10.0.17763.1.cab" MD5="019F632875EA6D9F72DF175C1D1FF3B5" Type="MSCF"/>
			</Version>
		</File>
		<File Path="Config\amd64\wofadk.sys" Exist="True">
			<Version MD5="FBA28D5AC166714737D1D8CDF0AEF078">
				<Delta Size="112225" URL="wofadk_amd64_10.0.14393.0.cab" MD5="D3A918FB9B17B2A95DE6849C3616FB52" Type="MSCF"/>
			</Version>
		</File>
		<File Path="Config\x86\wofadk.sys" Exist="True">
			<Version MD5="B58305136C4CE3508C0A3C9E48432AC9">
				<Delta Size="97413" URL="wofadk_x86_10.0.14393.0.cab" MD5="C69221C3E0F5BF3A99ECEAEDE4D9CC0F" Type="MSCF"/>
			</Version>
		</File>
		<File Path="Config\arm64\NCleaner.dll">
			<Applicable>
				<FileExist FilePath="%0%Dism++arm64.exe"/>
			</Applicable>
			<Version MD5="830712EE2A7BF53CF646A150C3349019">
				<Delta Size="9609" URL="Config_arm64_NCleaner.dll_10.1.1000.80~10.1.1000.100.psf" MD5="EA98ED6D634F5C8F05EC25D6D7391910" Type="PA30" Base="F350AB8E71CF48AA002494BBB28B0D73"/>
				<Delta Size="18245" URL="Config_arm64_NCleaner.dll_10.1.1000.100.cab" MD5="3E0FD9881699AAFBBF122DFB735ADA12" Type="MSCF"/>
			</Version>
		</File>
		<File Path="Config\amd64\NCleaner.dll">
			<Applicable>
				<FileExist FilePath="%0%Dism++x64.exe"/>
			</Applicable>
			<Version MD5="CB763F7B09F05BF6182FFE8DA78606D6">
				<Delta Size="19475" URL="Config_amd64_NCleaner.dll_1.0.2.3~10.1.1000.100.psf" MD5="5988267E610D352B05572E58FE025D68" Type="PA30" Base="C201D08840872855C71E19C9F4B89A35"/>
				<Delta Size="19462" URL="Config_amd64_NCleaner.dll_1.0.2.4~10.1.1000.100.psf" MD5="50CB668097DFE083735BC71CB51F3C2A" Type="PA30" Base="59C2CBD79CB24AEA93B70F30D36C5395"/>
				<Delta Size="19459" URL="Config_amd64_NCleaner.dll_1.0.2.5~10.1.1000.100.psf" MD5="FC2B608F3D5642F2BAAE1E7919EEFC35" Type="PA30" Base="E7A06FB9714F4BF6447F31351E90EE9F"/>
				<Delta Size="19418" URL="Config_amd64_NCleaner.dll_1.0.2.8~10.1.1000.100.psf" MD5="EBB0E57C56A0061D082A105A50CF80C0" Type="PA30" Base="0E55C6BA91F66EE4109C6FCAF7E86621"/>
				<Delta Size="16666" URL="Config_amd64_NCleaner.dll_1.0.3.10~10.1.1000.100.psf" MD5="9E74A9AC038281E4ED9AB9AAC729A503" Type="PA30" Base="A6170B1846B6B5B72CC825A814435A45"/>
				<Delta Size="18647" URL="Config_amd64_NCleaner.dll_1.0.3.4~10.1.1000.100.psf" MD5="6D89954ECE5735A04090EFF6BB28B8FF" Type="PA30" Base="1750234D8F7D97CB043A3FFB49270B22"/>
				<Delta Size="17945" URL="Config_amd64_NCleaner.dll_1.0.3.6~10.1.1000.100.psf" MD5="99A074E1CDF56EA260514CC354FCA7C5" Type="PA30" Base="4D7AF069E8722FF400D9FA99EC643D46"/>
				<Delta Size="17459" URL="Config_amd64_NCleaner.dll_1.0.3.8~10.1.1000.100.psf" MD5="F628D0CAC7C1081044F4353FB5DF055A" Type="PA30" Base="F7FFAE87600749ADA339F55F25B4709B"/>
				<Delta Size="15141" URL="Config_amd64_NCleaner.dll_10.1.1000.62~10.1.1000.100.psf" MD5="6D754B391E4A2DEECC971855A8CD4648" Type="PA30" Base="4BCBB09946FDDD620E9DBBCE8B9E2789"/>
				<Delta Size="12706" URL="Config_amd64_NCleaner.dll_10.1.1000.80~10.1.1000.100.psf" MD5="8D59A99FF38A9C0C1EB6E471CC42FE66" Type="PA30" Base="9239D753E26A88D0688AF6797E060217"/>
				<Delta Size="21069" URL="Config_amd64_NCleaner.dll_10.1.1000.100.cab" MD5="9D11680480A73F53C60A5B9CE05F5E06" Type="MSCF"/>
			</Version>
		</File>
		<File Path="Config\x86\NCleaner.dll">
			<Applicable>
				<FileExist FilePath="%0%Dism++x86.exe"/>
			</Applicable>
			<Version MD5="CFD86ADDDF5D59D6497087C86ADD20A9">
				<Delta Size="16083" URL="Config_x86_NCleaner.dll_1.0.2.3~10.1.1000.100.psf" MD5="26AD23074F7AB78DB09D503D5B0D05FB" Type="PA30" Base="2879965DE72849D1F2780D3C4A2CCF8F"/>
				<Delta Size="16038" URL="Config_x86_NCleaner.dll_1.0.2.4~10.1.1000.100.psf" MD5="F26312FBE7756B88C237892893A2DDD1" Type="PA30" Base="10682298BD9097A53E3008D95D0CECB6"/>
				<Delta Size="16049" URL="Config_x86_NCleaner.dll_1.0.2.5~10.1.1000.100.psf" MD5="4F39F04475BDC20036944DDA25334F72" Type="PA30" Base="F632AE3B9BFF565C85F542ABBF25C403"/>
				<Delta Size="16015" URL="Config_x86_NCleaner.dll_1.0.2.8~10.1.1000.100.psf" MD5="F6AD6F90B74C355E0E8CCFF04D8A6C82" Type="PA30" Base="34E270C582DD82110BBF64B68A4A8897"/>
				<Delta Size="13052" URL="Config_x86_NCleaner.dll_1.0.3.10~10.1.1000.100.psf" MD5="F8A5706EA41765ABE216CB7F1F569096" Type="PA30" Base="96BD0C209F60F0B54AD6B96A395E7EEE"/>
				<Delta Size="15471" URL="Config_x86_NCleaner.dll_1.0.3.4~10.1.1000.100.psf" MD5="45239AD269BE3E5662F2C05E8C57A6F3" Type="PA30" Base="450ADA8B08A92B01DB16B5901D2D1DDA"/>
				<Delta Size="14564" URL="Config_x86_NCleaner.dll_1.0.3.6~10.1.1000.100.psf" MD5="9DDD631518378DB0C5EF34CC5DC15057" Type="PA30" Base="7DE371005465B905D153BEC9527E8700"/>
				<Delta Size="14242" URL="Config_x86_NCleaner.dll_1.0.3.8~10.1.1000.100.psf" MD5="E2424129D9516E9C95A54F67CA014DFF" Type="PA30" Base="C8EE21CE43E33EAC904EB9E36ECBBE95"/>
				<Delta Size="11471" URL="Config_x86_NCleaner.dll_10.1.1000.62~10.1.1000.100.psf" MD5="E67298C0CBE19BDFE8B14167A4EF9018" Type="PA30" Base="9472E7096FDB6BE99C98D05D985C49B7"/>
				<Delta Size="8844" URL="Config_x86_NCleaner.dll_10.1.1000.80~10.1.1000.100.psf" MD5="412EC171C6034C1F3B0EF3F2E39C513C" Type="PA30" Base="5E6AD60DD9CF1154FE548EC36D0E1AC3"/>
				<Delta Size="18301" URL="Config_x86_NCleaner.dll_10.1.1000.100.cab" MD5="B95954D7A352FC9C8B5F416F9CA9E61F" Type="MSCF"/>
			</Version>
		</File>
	</FileCollection>
	<Languages>
		<en Path="Config\Languages\en.zip">
			<Version MD5="618628AB263DF650A19989F1262C30BB">
				<Delta Size="37884" URL="Config_Languages_en.zip_2017-08-13~2019-01-12.psf" MD5="CAA18269F897E640884709E1C737D585" Type="PA30" Base="671218D8C3A6F37EDBE0D83F2EB7AD22"/>
				<Delta Size="37813" URL="Config_Languages_en.zip_2017-08-20~2019-01-12.psf" MD5="58E58D46CA18D7EC29D4EB6D10E1A3D0" Type="PA30" Base="EE520AC68364B9BD09D8621B76766F16"/>
				<Delta Size="37746" URL="Config_Languages_en.zip_2017-08-26~2019-01-12.psf" MD5="97DA53F5BEFC1FA399C307985199808E" Type="PA30" Base="62C4641DB14F963BA61FFA6E7F7F1243"/>
				<Delta Size="37777" URL="Config_Languages_en.zip_2017-08-28~2019-01-12.psf" MD5="45C54C302A720755BF8CEF680808672A" Type="PA30" Base="F6DE3BF2B695EBCC340C79E4D3A2AD73"/>
				<Delta Size="37751" URL="Config_Languages_en.zip_2017-09-26~2019-01-12.psf" MD5="02C1B34BB67BE289597E2A7FAD952414" Type="PA30" Base="D486999CFF3D3280836CBAF68687FD1A"/>
				<Delta Size="37636" URL="Config_Languages_en.zip_2017-10-15~2019-01-12.psf" MD5="538419B68C0F13115653CF9EB3D21BC8" Type="PA30" Base="45F659F55A33422BF825C647CE327B5A"/>
				<Delta Size="37638" URL="Config_Languages_en.zip_2017-10-20~2019-01-12.psf" MD5="E39C1F34589CA65778EB2816320DCD83" Type="PA30" Base="DA529EAB70696FF6DE97B5ADA772C8B3"/>
				<Delta Size="37417" URL="Config_Languages_en.zip_2017-12-25~2019-01-12.psf" MD5="1841BE12B1071FE681E8B3EF40EF1FD2" Type="PA30" Base="CB983581F7B5D70798FE8321ED74C9DA"/>
				<Delta Size="37465" URL="Config_Languages_en.zip_2018-03-28~2019-01-12.psf" MD5="6DC4DD79278AF940FAF42A2224486097" Type="PA30" Base="D491B62E3B87377276FE5D74E7E41A94"/>
				<Delta Size="37458" URL="Config_Languages_en.zip_2018-05-31~2019-01-12.psf" MD5="452093D230E1506223959E82463496D3" Type="PA30" Base="2920D52A2D4DB25C7FCE14B363A38A22"/>
				<Delta Size="37437" URL="Config_Languages_en.zip_2018-08-20~2019-01-12.psf" MD5="512F66778F9D67B7F5C4654E95F336EF" Type="PA30" Base="FEAFCAD198BB58849E0C9D80F110C2A1"/>
				<Delta Size="37730" URL="Config_Languages_en.zip_2019-01-12..zip" MD5="618628AB263DF650A19989F1262C30BB" Type="RAW"/>
			</Version>
		</en>
		<bg Path="Config\Languages\bg.zip">
			<Version MD5="9D9967ABD41AE24ADFD633136B48AC1E">
				<Delta Size="43200" URL="Config_Languages_bg.zip_2017-08-13~2019-01-12.psf" MD5="5C4A0E5E3D616A4F999EAF42DE3D0F55" Type="PA30" Base="77B76A62B21718919B0B24515A2D24F0"/>
				<Delta Size="42902" URL="Config_Languages_bg.zip_2017-08-20~2019-01-12.psf" MD5="BCCFDE9786759F5C3776F43086B1D34B" Type="PA30" Base="EA96A1287227B5A787C3C9F498154869"/>
				<Delta Size="42750" URL="Config_Languages_bg.zip_2017-08-26~2019-01-12.psf" MD5="35A05B5DFCF8F0BF7FA6A707F015CB81" Type="PA30" Base="B511F0ADFE9F350A18284F3E5413F167"/>
				<Delta Size="42697" URL="Config_Languages_bg.zip_2017-08-28~2019-01-12.psf" MD5="6AC05DF26E403273F356014A1B5BB38B" Type="PA30" Base="EE60BCEA190C90ED66ADE6A11E69A09F"/>
				<Delta Size="43126" URL="Config_Languages_bg.zip_2017-09-26~2019-01-12.psf" MD5="1B26F3DFAA855959AC9B100969B3623B" Type="PA30" Base="269A050D27E7E79AE9E2DC02C1817C26"/>
				<Delta Size="43149" URL="Config_Languages_bg.zip_2017-10-15~2019-01-12.psf" MD5="63BAA6321C25751E3C23BB425B291E3B" Type="PA30" Base="AB714C891BF700CC2C469E72B9C392F1"/>
				<Delta Size="43147" URL="Config_Languages_bg.zip_2017-10-20~2019-01-12.psf" MD5="DDD3C2DBEE75249531CC683A5738DA17" Type="PA30" Base="2371BB60A2BD000342CD988354C5FA72"/>
				<Delta Size="43153" URL="Config_Languages_bg.zip_2017-12-25~2019-01-12.psf" MD5="EC8C36BF734AA715514A0A7587AF1DDF" Type="PA30" Base="452653DD2AE20038D8004CAD8BD775F2"/>
				<Delta Size="27638" URL="Config_Languages_bg.zip_2018-03-28~2019-01-12.psf" MD5="870AA494234C67FC0C372BE743531F6E" Type="PA30" Base="CB3A915755FF3DE54CAF1A2CD29CA585"/>
				<Delta Size="27664" URL="Config_Languages_bg.zip_2018-05-31~2019-01-12.psf" MD5="54762363A079B3644FA4312E022BAFA3" Type="PA30" Base="877252A691E97BA9C75DB8C20676804A"/>
				<Delta Size="27470" URL="Config_Languages_bg.zip_2018-08-20~2019-01-12.psf" MD5="81327557154EB3B3AF9CB2951279700A" Type="PA30" Base="D2FD1B17FF1A2C134229B3F630C5BD8D"/>
				<Delta Size="43007" URL="Config_Languages_bg.zip_2019-01-12..zip" MD5="9D9967ABD41AE24ADFD633136B48AC1E" Type="RAW"/>
			</Version>
		</bg>
		<cs Path="Config\Languages\cs.zip">
			<Version MD5="34D2F44B559457C38D2AF2108735FE61">
				<Delta Size="40347" URL="Config_Languages_cs.zip_2017-08-13~2019-01-12.psf" MD5="E2865BAC2D8CDC99B95C4B2D36C2A5D1" Type="PA30" Base="552C0F56D09B78F0829A3FE06FD605D1"/>
				<Delta Size="39538" URL="Config_Languages_cs.zip_2017-08-20~2019-01-12.psf" MD5="A03EFCFAC66F6B30296BD4C421933164" Type="PA30" Base="8282A24D4D7472517A917B01E5DD01B4"/>
				<Delta Size="38895" URL="Config_Languages_cs.zip_2017-08-26~2019-01-12.psf" MD5="A195DC561DB942DDBDA39D29E83CABE8" Type="PA30" Base="00A1F778EC70903F452DB2A6F96E44BA"/>
				<Delta Size="38889" URL="Config_Languages_cs.zip_2017-08-28~2019-01-12.psf" MD5="074E11EFB89598AB7E4B90303FB9115A" Type="PA30" Base="1A2633C811032697E5986B95AB3C29CF"/>
				<Delta Size="39731" URL="Config_Languages_cs.zip_2017-09-26~2019-01-12.psf" MD5="2E8A7E3918E93092C695D036166EC737" Type="PA30" Base="7FC35AA0ACCBCDABEF255B5F34806E79"/>
				<Delta Size="39143" URL="Config_Languages_cs.zip_2017-10-15~2019-01-12.psf" MD5="056D63306AB46EA1F3F18C406149D354" Type="PA30" Base="C4D5C89FBEE020859AB4879CAA87CAA7"/>
				<Delta Size="38033" URL="Config_Languages_cs.zip_2017-10-20~2019-01-12.psf" MD5="C6E7800009180034FBF0ECDA92BDAAD4" Type="PA30" Base="778CCFA6283758DDA9766F36377B1092"/>
				<Delta Size="37450" URL="Config_Languages_cs.zip_2017-12-25~2019-01-12.psf" MD5="B98F119FFA7ECF66B73AD22C4ED04718" Type="PA30" Base="5B9C8999771DEA9879C3BBB867187980"/>
				<Delta Size="22294" URL="Config_Languages_cs.zip_2018-03-28~2019-01-12.psf" MD5="F1B786D836679E78321DBDC6023EEA77" Type="PA30" Base="DBB53BBD7825C761D2E7BD9942A6187D"/>
				<Delta Size="22016" URL="Config_Languages_cs.zip_2018-05-31~2019-01-12.psf" MD5="CB55D05A93986E0FBCC50840459FC1A0" Type="PA30" Base="D4B7691EDF6BD77A7FF73DEB9DDEC564"/>
				<Delta Size="21970" URL="Config_Languages_cs.zip_2018-08-20~2019-01-12.psf" MD5="0EF6CD666772DDF40E224D31B707E804" Type="PA30" Base="027FB8FAEFBFA75DDB475BC63B8BC4F4"/>
				<Delta Size="40196" URL="Config_Languages_cs.zip_2019-01-12..zip" MD5="34D2F44B559457C38D2AF2108735FE61" Type="RAW"/>
			</Version>
		</cs>
		<de Path="Config\Languages\de.zip">
			<Version MD5="BBED0397CFE599BC3C6352A44334058C">
				<Delta Size="40112" URL="Config_Languages_de.zip_2017-08-13~2019-01-12.psf" MD5="DE5C11517AE08CE60D9A0D7AC87EB3E8" Type="PA30" Base="8F987A6E1B09A02C6ECFA4D4817AD170"/>
				<Delta Size="39388" URL="Config_Languages_de.zip_2017-08-20~2019-01-12.psf" MD5="A0675EE9EB2B6C35EF6737C5A10FEBD3" Type="PA30" Base="19E34E4F0B267867699E1152F7E50BD1"/>
				<Delta Size="39498" URL="Config_Languages_de.zip_2017-08-26~2019-01-12.psf" MD5="5E3EF3DF02667062DCA93D09A8128BA1" Type="PA30" Base="BE439A19DD3928FCFF552525D42727B6"/>
				<Delta Size="39003" URL="Config_Languages_de.zip_2017-08-28~2019-01-12.psf" MD5="2B68E17B4985CF4F82D49271A2BD4289" Type="PA30" Base="B65E2B216CB83073CCAA7F9922CC2C5F"/>
				<Delta Size="39066" URL="Config_Languages_de.zip_2017-09-26~2019-01-12.psf" MD5="AA262B8114DD1FCBEC2E5530DE3E6678" Type="PA30" Base="63DE2FE09BA4EA9848D7BE9807980BA4"/>
				<Delta Size="39174" URL="Config_Languages_de.zip_2017-10-15~2019-01-12.psf" MD5="B81FD14798E009CA3BCEAA39E611BA54" Type="PA30" Base="F7503411ABD62F1A3AC646CB77E7D8EF"/>
				<Delta Size="37000" URL="Config_Languages_de.zip_2017-10-20~2019-01-12.psf" MD5="6947AB797BA4795226E106F7435C4CC8" Type="PA30" Base="1D6E2553CA669F26CBF8FB5432CDA5FE"/>
				<Delta Size="22221" URL="Config_Languages_de.zip_2017-12-25~2019-01-12.psf" MD5="C58B89446A75E4E38F39A28F0E35C695" Type="PA30" Base="9046F83FDE63B3AE67F6D781DAC0B33E"/>
				<Delta Size="22060" URL="Config_Languages_de.zip_2018-03-28~2019-01-12.psf" MD5="2478519B9B62DDB83914CAB888230774" Type="PA30" Base="D36A3D6393B539612B95DD64F28EAE08"/>
				<Delta Size="22206" URL="Config_Languages_de.zip_2018-05-31~2019-01-12.psf" MD5="B8B8381D48871DA68A86B7E2EE0BE4FA" Type="PA30" Base="3FB7E65FFF75C50440BE14264B740152"/>
				<Delta Size="22570" URL="Config_Languages_de.zip_2018-08-20~2019-01-12.psf" MD5="42CFAA19B8AF09698E9EA118B17683F0" Type="PA30" Base="85BE2F9349862E762593023B0C6A342A"/>
				<Delta Size="39988" URL="Config_Languages_de.zip_2019-01-12..zip" MD5="BBED0397CFE599BC3C6352A44334058C" Type="RAW"/>
			</Version>
		</de>
		<es Path="Config\Languages\es.zip">
			<Version MD5="12E31512B0BA346343C6F07FCA59B3B3">
				<Delta Size="38357" URL="Config_Languages_es.zip_2017-08-13~2019-01-12.psf" MD5="613A9400B336B3F51B1C348176059BD9" Type="PA30" Base="06B70D3DD2AD5B3FB268A73BD3DA6E5E"/>
				<Delta Size="38041" URL="Config_Languages_es.zip_2017-08-20~2019-01-12.psf" MD5="3EFBDF1D86921CA977DA7A32678C36D2" Type="PA30" Base="349DD300A090A2C25AFFA5FFF2F2B6AF"/>
				<Delta Size="38074" URL="Config_Languages_es.zip_2017-08-26~2019-01-12.psf" MD5="86C63F70559BC01A0D39E7DC6D3DA4AF" Type="PA30" Base="68FF732CB55BB651EA099FF76329962C"/>
				<Delta Size="38166" URL="Config_Languages_es.zip_2017-08-28~2019-01-12.psf" MD5="C6D3872AB36CECF8CA907E41EFC2FA88" Type="PA30" Base="4F109D77914FEC5A8E67BE05A5E0AC56"/>
				<Delta Size="37819" URL="Config_Languages_es.zip_2017-09-26~2019-01-12.psf" MD5="D51AA60EE11F73EF0EFDB7548FBACB50" Type="PA30" Base="B2769046AF93E392A3E5A8DF3A5E9A74"/>
				<Delta Size="37788" URL="Config_Languages_es.zip_2017-10-15~2019-01-12.psf" MD5="BFACEE3BB1D52B10C802B189BB4F246C" Type="PA30" Base="2276673C838D0484FBB9A8C3FD88E175"/>
				<Delta Size="37856" URL="Config_Languages_es.zip_2017-11-05~2019-01-12.psf" MD5="E097DABC96083E30B4A6EDEFBE0224CA" Type="PA30" Base="ADEF70151E10A6BE6E37CFC8773DD02D"/>
				<Delta Size="36946" URL="Config_Languages_es.zip_2017-12-25~2019-01-12.psf" MD5="795B1B339641FE9EC86B464DFA84D808" Type="PA30" Base="52137B4FE70A70005A4697E7C05B088B"/>
				<Delta Size="35313" URL="Config_Languages_es.zip_2018-03-28~2019-01-12.psf" MD5="0E495FF662FD71C96016B98812A3E179" Type="PA30" Base="2F180E99B43D1F629723D941F419D75D"/>
				<Delta Size="37148" URL="Config_Languages_es.zip_2018-05-31~2019-01-12.psf" MD5="DF02E1F645AC1C2A0B27D1F423B88217" Type="PA30" Base="209CDDE4486D70E14177424A8D112449"/>
				<Delta Size="24795" URL="Config_Languages_es.zip_2018-08-20~2019-01-12.psf" MD5="766C7D98403958246DDEC213A9AFB198" Type="PA30" Base="8A35A2FF9FF4F1A63D0E4FC3878D3087"/>
				<Delta Size="38224" URL="Config_Languages_es.zip_2019-01-12..zip" MD5="12E31512B0BA346343C6F07FCA59B3B3" Type="RAW"/>
			</Version>
		</es>
		<fr Path="Config\Languages\fr.zip">
			<Version MD5="DB31CC3803705F57AFAC80FE1671A00B">
				<Delta Size="40983" URL="Config_Languages_fr.zip_2017-08-13~2019-01-12.psf" MD5="CCFA1563186DAFC940521ED0458C213F" Type="PA30" Base="17A3593597A38CB54BB282D922EE4D2A"/>
				<Delta Size="41265" URL="Config_Languages_fr.zip_2017-08-20~2019-01-12.psf" MD5="CC4A5E0003FB3FF6DAC2AEBA4DAE805F" Type="PA30" Base="2D939CD947A6C342A48BA8B5F46F81D3"/>
				<Delta Size="41049" URL="Config_Languages_fr.zip_2017-08-26~2019-01-12.psf" MD5="2D6E44A7CDC94ED4390767D7C01CB9C8" Type="PA30" Base="223C093D932505A96ECE6230FF5E2CAF"/>
				<Delta Size="40502" URL="Config_Languages_fr.zip_2017-08-28~2019-01-12.psf" MD5="304B6DF0710136B0A7EDDBCFB033ABAA" Type="PA30" Base="3591C718CD68D6EB89B63211AE1C7CE9"/>
				<Delta Size="39242" URL="Config_Languages_fr.zip_2017-09-26~2019-01-12.psf" MD5="DFC193B1479C1BF7FF25DBB89EC011FE" Type="PA30" Base="31664F57AA61ABC2300A6FCDF8166203"/>
				<Delta Size="40903" URL="Config_Languages_fr.zip_2017-10-15~2019-01-12.psf" MD5="58E10A3BB6B939D15D4F5AEA58887871" Type="PA30" Base="B3476D25F95C8DD082E64AB77D633F48"/>
				<Delta Size="40775" URL="Config_Languages_fr.zip_2017-10-20~2019-01-12.psf" MD5="EED172F90A68BDEFD3B639DFEBA4EDAA" Type="PA30" Base="6F8677AD9EA8026067AD353822546C8D"/>
				<Delta Size="34473" URL="Config_Languages_fr.zip_2017-12-25~2019-01-12.psf" MD5="9A647DA9FE0762D406A53427D733A2E1" Type="PA30" Base="BFE6C40797A9D5133E5003D3AEF12C20"/>
				<Delta Size="34779" URL="Config_Languages_fr.zip_2018-05-31~2019-01-12.psf" MD5="D6D468249AE22F735579715A69944D93" Type="PA30" Base="5298AE1FACDDC80481EECDB9DFD4178C"/>
				<Delta Size="33866" URL="Config_Languages_fr.zip_2018-08-20~2019-01-12.psf" MD5="0D4994A181FA73FF19EE537EBCD5110F" Type="PA30" Base="7D133F1B32D3C621B98D128AD1EEAE40"/>
				<Delta Size="41107" URL="Config_Languages_fr.zip_2019-01-12..zip" MD5="DB31CC3803705F57AFAC80FE1671A00B" Type="RAW"/>
			</Version>
		</fr>
		<hu Path="Config\Languages\hu.zip">
			<Version MD5="98ABF2D6C17CB9BE58BA27362B13AA86">
				<Delta Size="40282" URL="Config_Languages_hu.zip_2019-01-18..zip" MD5="98ABF2D6C17CB9BE58BA27362B13AA86" Type="RAW"/>
			</Version>
		</hu>
		<it Path="Config\Languages\it.zip">
			<Version MD5="16CAE2FDC2E2D1F09F6246F8F5492F99">
				<Delta Size="39056" URL="Config_Languages_it.zip_2017-08-13~2019-01-12.psf" MD5="23A4592222489EBD215B7BF5779B6E6F" Type="PA30" Base="DB7ED28C31C3683A20F3B2EC2DD8C1FF"/>
				<Delta Size="38372" URL="Config_Languages_it.zip_2017-08-20~2019-01-12.psf" MD5="1C40B2EE5A1CA0A255EB80A7F0ED7073" Type="PA30" Base="E23745C5DB0419FC333CB5288ABE8E7B"/>
				<Delta Size="37462" URL="Config_Languages_it.zip_2017-08-26~2019-01-12.psf" MD5="301DC7D097A2094A9224B89C8044729B" Type="PA30" Base="AD263B5F969E4605F35C8793C08768B5"/>
				<Delta Size="38275" URL="Config_Languages_it.zip_2017-08-28~2019-01-12.psf" MD5="DEC1547209B67430AD454956E53298E0" Type="PA30" Base="62EA20EFB557CC43EC6C01F9C253BD24"/>
				<Delta Size="29215" URL="Config_Languages_it.zip_2017-09-26~2019-01-12.psf" MD5="E72723D3BF23A040DF0BDD357728BB8A" Type="PA30" Base="911FA03719E408367AE175B7B5F01AC5"/>
				<Delta Size="28925" URL="Config_Languages_it.zip_2017-10-15~2019-01-12.psf" MD5="B498E28853AC0574CFF1D9794572D106" Type="PA30" Base="E9EC14F0E78C988436C7C33B118E9A82"/>
				<Delta Size="24998" URL="Config_Languages_it.zip_2017-10-20~2019-01-12.psf" MD5="6EC4CC3D080B169FF401B3E18D93BA28" Type="PA30" Base="331BF408E20219C055C9709705E38B08"/>
				<Delta Size="21445" URL="Config_Languages_it.zip_2017-12-25~2019-01-12.psf" MD5="8B104050F73500536FF85356209AB335" Type="PA30" Base="308630D184B7C80BF8368E6E1065E499"/>
				<Delta Size="21356" URL="Config_Languages_it.zip_2018-05-31~2019-01-12.psf" MD5="0FF49AA7FD5576699AECEF75FC4B722E" Type="PA30" Base="890F0D7A75760704C2A80DCC5A08D96E"/>
				<Delta Size="21423" URL="Config_Languages_it.zip_2018-08-20~2019-01-12.psf" MD5="DE4B6B4FBFE2EE0C708EA2503F4A9971" Type="PA30" Base="2430ADF01A74763C23A5CE3836ABEF32"/>
				<Delta Size="38910" URL="Config_Languages_it.zip_2019-01-12..zip" MD5="16CAE2FDC2E2D1F09F6246F8F5492F99" Type="RAW"/>
			</Version>
		</it>
		<ja Path="Config\Languages\ja.zip">
			<Version MD5="B3E5FAD9AD6779B084D8FC7289E1EB9A">
				<Delta Size="39319" URL="Config_Languages_ja.zip_2017-08-13~2019-01-12.psf" MD5="B6D1E369500DBA41F13287311FA1AAE5" Type="PA30" Base="8FAEE9ABFB615D9461010BAA36FA36A9"/>
				<Delta Size="38814" URL="Config_Languages_ja.zip_2017-08-20~2019-01-12.psf" MD5="4E83CC7989C8A41EECB0FC5574094DF7" Type="PA30" Base="CD38269F24A65CF53C17911297C6343A"/>
				<Delta Size="38600" URL="Config_Languages_ja.zip_2017-08-26~2019-01-12.psf" MD5="126C9EB46B43D9E8055AE733ED5F906C" Type="PA30" Base="77E792A8B6D683579884006366271F3F"/>
				<Delta Size="38862" URL="Config_Languages_ja.zip_2017-08-28~2019-01-12.psf" MD5="6363BA283DB9E97E2B32A0ECB22D20F3" Type="PA30" Base="C4B38D45AEE927FA90C24F3066156839"/>
				<Delta Size="37849" URL="Config_Languages_ja.zip_2017-09-26~2019-01-12.psf" MD5="72B41D889CE02EA9214F5553321B1763" Type="PA30" Base="0955AEB2951AB6BF8B7B650A0E4C0D1B"/>
				<Delta Size="38262" URL="Config_Languages_ja.zip_2017-10-15~2019-01-12.psf" MD5="E2A0963AAF10F77FE70A81E12EDFBDE2" Type="PA30" Base="05DFF7B7A0B788C3084AE912BE92D9C6"/>
				<Delta Size="36433" URL="Config_Languages_ja.zip_2017-12-25~2019-01-12.psf" MD5="5D11C9E769A20C21EAA1E19EAADAC9CA" Type="PA30" Base="DB16F0BA98167D6768CA490CC118599C"/>
				<Delta Size="37707" URL="Config_Languages_ja.zip_2018-05-31~2019-01-12.psf" MD5="917495DE1E7972AA6D1909A4AC58C27A" Type="PA30" Base="D70DDB3959C66A81DA5BB9919C8B523D"/>
				<Delta Size="35651" URL="Config_Languages_ja.zip_2018-08-20~2019-01-12.psf" MD5="2B18CD557E18C7B6DD95B8DE55CA8C3C" Type="PA30" Base="AF4067F5711B2759BF6B6ED0BE47BDC3"/>
				<Delta Size="39326" URL="Config_Languages_ja.zip_2019-01-12..zip" MD5="B3E5FAD9AD6779B084D8FC7289E1EB9A" Type="RAW"/>
			</Version>
		</ja>
		<ko Path="Config\Languages\ko.zip">
			<Version MD5="FF993CCC39D55A9FF1CC622B46B3BB3F">
				<Delta Size="39660" URL="Config_Languages_ko.zip_2017-08-13~2019-01-12.psf" MD5="2D5FF250531927DBAD49072459B8389E" Type="PA30" Base="2B6C08B06F65C75590858605BD161BF0"/>
				<Delta Size="39570" URL="Config_Languages_ko.zip_2017-08-20~2019-01-12.psf" MD5="414A2C3D267F4FBB82980730E3AEB608" Type="PA30" Base="314C3677A2977ECE6A6C816E632ED2E7"/>
				<Delta Size="39512" URL="Config_Languages_ko.zip_2017-08-26~2019-01-12.psf" MD5="2FE21CE1AF2554ED13988E7B8A475CE8" Type="PA30" Base="59247362CD360292600D286B2ACD7831"/>
				<Delta Size="39434" URL="Config_Languages_ko.zip_2017-08-28~2019-01-12.psf" MD5="21E07A3425DDEA2522454A4B5DCDE58F" Type="PA30" Base="6D57107523AB7EC08AB842FD1111332D"/>
				<Delta Size="39480" URL="Config_Languages_ko.zip_2017-09-26~2019-01-12.psf" MD5="6C29C032E5AB66917FCDCD0DCF3F5E36" Type="PA30" Base="0BBCB001E2BF12ACB86CB5BA7E89A914"/>
				<Delta Size="39473" URL="Config_Languages_ko.zip_2017-10-15~2019-01-12.psf" MD5="00E9830D1B609A963D7C8F3BDECF13E5" Type="PA30" Base="EFCD9B5B8353B1BA8BB3F3CE9E3EC3B2"/>
				<Delta Size="39421" URL="Config_Languages_ko.zip_2017-10-20~2019-01-12.psf" MD5="56B80D19C1F50A759538D7505E46CFE8" Type="PA30" Base="9328E95E52C9CC7F5EEAD6B9BF7A9E1D"/>
				<Delta Size="39566" URL="Config_Languages_ko.zip_2017-12-25~2019-01-12.psf" MD5="A338E0D0B8A625E8BCCED536EF192843" Type="PA30" Base="1E8234D459A81E69C82CE7980A681A08"/>
				<Delta Size="38352" URL="Config_Languages_ko.zip_2018-03-28~2019-01-12.psf" MD5="50B64F7857A44F8D1E9DA5144C7F19F8" Type="PA30" Base="6EDE9E92F9CFC946F7DD24EE225DEF3D"/>
				<Delta Size="38311" URL="Config_Languages_ko.zip_2018-05-31~2019-01-12.psf" MD5="3C39190EAE955C079FF7043473495CF0" Type="PA30" Base="F42C9620CB22B6942C4E7815D69C9D37"/>
				<Delta Size="38958" URL="Config_Languages_ko.zip_2018-08-20~2019-01-12.psf" MD5="114DDE3EFE8E56809B375BD5BE520B33" Type="PA30" Base="E8FAF513370706F0ACD94AE2411AC9F6"/>
				<Delta Size="39511" URL="Config_Languages_ko.zip_2019-01-12..zip" MD5="FF993CCC39D55A9FF1CC622B46B3BB3F" Type="RAW"/>
			</Version>
		</ko>
		<pl-pl Path="Config\Languages\pl-PL.zip">
			<Version MD5="B838EBEADB2D5A9E999E1E991D506BF7">
				<Delta Size="40076" URL="Config_Languages_pl-PL.zip_2017-08-13~2019-01-12.psf" MD5="3788053087338157E8BE0321AF14ED03" Type="PA30" Base="C0524058313C6400F9231F185CF31253"/>
				<Delta Size="40000" URL="Config_Languages_pl-PL.zip_2017-08-20~2019-01-12.psf" MD5="8D9B0121B6000B990AED8EF744E02C9E" Type="PA30" Base="E2F05AC8E2B83224A7C97A7298BBE64D"/>
				<Delta Size="39934" URL="Config_Languages_pl-PL.zip_2017-08-26~2019-01-12.psf" MD5="87F977E249CDB2A787EB7D25D096B723" Type="PA30" Base="EF693F9BBA306AC6E6C0588C9DBA0BE5"/>
				<Delta Size="39889" URL="Config_Languages_pl-PL.zip_2017-08-28~2019-01-12.psf" MD5="E8F32E1C5EFFEEF5461683F53FA06FC7" Type="PA30" Base="E718EACC962509B5113DB2B461249E55"/>
				<Delta Size="39055" URL="Config_Languages_pl-PL.zip_2017-09-26~2019-01-12.psf" MD5="889F22EBBAD1D49E829E54E269BF7345" Type="PA30" Base="119885C2B5BB10689D8488732BB19D2B"/>
				<Delta Size="38488" URL="Config_Languages_pl-PL.zip_2017-10-15~2019-01-12.psf" MD5="5C0A1487FBAC35C1EF0D91976AA1CB2C" Type="PA30" Base="8BB8D8A5DCECA1E180B1F8EEC0832D39"/>
				<Delta Size="38619" URL="Config_Languages_pl-PL.zip_2017-10-20~2019-01-12.psf" MD5="574F3F9704A3DF1F346CEC8D865FD86A" Type="PA30" Base="E0769B8CF9DA7FEE01EB2568B760C2DC"/>
				<Delta Size="37353" URL="Config_Languages_pl-PL.zip_2017-12-25~2019-01-12.psf" MD5="88ADAFCD334741162CF85084F04551D7" Type="PA30" Base="1E8DEED737A5918721B19F6D3A533929"/>
				<Delta Size="37436" URL="Config_Languages_pl-PL.zip_2018-05-31~2019-01-12.psf" MD5="DCA4893414F78AF3B40D362564BF1A20" Type="PA30" Base="DD4752655DB761546E8B128C22CA014C"/>
				<Delta Size="37138" URL="Config_Languages_pl-PL.zip_2018-08-20~2019-01-12.psf" MD5="483E9F0CA35B76818359C25AAE6AE168" Type="PA30" Base="9C07335ACD240D6C642883E267219801"/>
				<Delta Size="39924" URL="Config_Languages_pl-PL.zip_2019-01-12..zip" MD5="B838EBEADB2D5A9E999E1E991D506BF7" Type="RAW"/>
			</Version>
		</pl-pl>
		<pt Path="Config\Languages\pt.zip">
			<Version MD5="7930469A767D486D120205A66C8ABBBB">
				<Delta Size="39805" URL="Config_Languages_pt.zip_2017-08-13~2019-01-12.psf" MD5="EAEE370EA842759EF6756F37ED39F53A" Type="PA30" Base="DF9A6BC576F4B8EE8CA87F1C81119C3D"/>
				<Delta Size="39864" URL="Config_Languages_pt.zip_2017-08-20~2019-01-12.psf" MD5="AA4EC066249B3EB6A55E8CDDC4F17B44" Type="PA30" Base="381F8D808641DB171B114A85063D174B"/>
				<Delta Size="39499" URL="Config_Languages_pt.zip_2017-08-26~2019-01-12.psf" MD5="F557D425C28FCEFAADB16F15C4CE4BF9" Type="PA30" Base="6B43F32A99ABE922C4486C1DAF18D752"/>
				<Delta Size="39506" URL="Config_Languages_pt.zip_2017-08-28~2019-01-12.psf" MD5="CAD7AFE4C9E49A3555D5835CDA45880A" Type="PA30" Base="879F50F29B25C54DA1E8D72CD8BBF6C9"/>
				<Delta Size="39508" URL="Config_Languages_pt.zip_2017-09-26~2019-01-12.psf" MD5="3F289DC412D941228D928A361CFCE2D5" Type="PA30" Base="E791DB821C74F9A94A6D73AD57D23B05"/>
				<Delta Size="39607" URL="Config_Languages_pt.zip_2017-10-15~2019-01-12.psf" MD5="07457EE74BF0CF861C96967A00E1B493" Type="PA30" Base="428AA8393577F046A8E026BC9C80CDD3"/>
				<Delta Size="39469" URL="Config_Languages_pt.zip_2017-10-20~2019-01-12.psf" MD5="4E93F84800D34A31E232D7B093B6F4E3" Type="PA30" Base="BC826E1F43AC94C30202CE45C3BDBD9D"/>
				<Delta Size="37667" URL="Config_Languages_pt.zip_2017-12-25~2019-01-12.psf" MD5="34DC72DA91BABCB61DBF7055B243F510" Type="PA30" Base="06ACC533A1832A751AE08853E95A065B"/>
				<Delta Size="37640" URL="Config_Languages_pt.zip_2018-03-28~2019-01-12.psf" MD5="5566B8232B5CAD34CD107D11029AA42A" Type="PA30" Base="C180C4D5FE3034C1F4E3F874DD5D82D4"/>
				<Delta Size="22026" URL="Config_Languages_pt.zip_2018-05-31~2019-01-12.psf" MD5="A996973961A69430E7939BDF7C6744CD" Type="PA30" Base="4F7518FB379F80A91451E3C0C13B5C63"/>
				<Delta Size="21992" URL="Config_Languages_pt.zip_2018-08-20~2019-01-12.psf" MD5="46A3D4AEC4770423724BE26A23A7DC0B" Type="PA30" Base="D0BCD8B22BB6EEC94AEAC410ACFB4E2F"/>
				<Delta Size="39687" URL="Config_Languages_pt.zip_2019-01-12..zip" MD5="7930469A767D486D120205A66C8ABBBB" Type="RAW"/>
			</Version>
		</pt>
		<ru Path="Config\Languages\ru.zip">
			<Version MD5="AA8C275544FBBBE1DE0BABB78E0EB8B3">
				<Delta Size="43150" URL="Config_Languages_ru.zip_2017-08-13~2019-01-12.psf" MD5="5F924FE775C6A9498A60E218B7E20865" Type="PA30" Base="0D2A700A4929CF903BB4E00B90FB04D9"/>
				<Delta Size="42804" URL="Config_Languages_ru.zip_2017-08-20~2019-01-12.psf" MD5="DBA1CB13993444F35C957E008AD1A115" Type="PA30" Base="7F1487425714F4F0CD70A8CC8F4E8CD2"/>
				<Delta Size="41621" URL="Config_Languages_ru.zip_2017-08-26~2019-01-12.psf" MD5="2F9A63102E8BF8B51126E72EB291D75E" Type="PA30" Base="52486C1282573A0B0362C310DCDAE8FC"/>
				<Delta Size="42149" URL="Config_Languages_ru.zip_2017-09-26~2019-01-12.psf" MD5="738FBAEE779B7AC15C98DA0F845F361C" Type="PA30" Base="5EFFE56929FB30A29EFB336521CE973A"/>
				<Delta Size="42567" URL="Config_Languages_ru.zip_2017-10-15~2019-01-12.psf" MD5="A6128A47FF7AC6F5E2BC9D3745C2D6EB" Type="PA30" Base="4B6AC73A54CD02023A2B38F500AED7FB"/>
				<Delta Size="42575" URL="Config_Languages_ru.zip_2017-10-20~2019-01-12.psf" MD5="3DB647C64509D77574F435B9292EC2E8" Type="PA30" Base="CFD5B8331A18FD9B97283044887B4030"/>
				<Delta Size="26863" URL="Config_Languages_ru.zip_2017-12-25~2019-01-12.psf" MD5="7CCFCC2877404C98C63A0D0B18E09B0A" Type="PA30" Base="ACB932E9AB2B04B7FC9F31772C41A7AB"/>
				<Delta Size="27475" URL="Config_Languages_ru.zip_2018-03-28~2019-01-12.psf" MD5="9E00FFC586A75067BE8A74CF09C1BD5F" Type="PA30" Base="97D265CAF3E4009A739D5FE80FD677C7"/>
				<Delta Size="26798" URL="Config_Languages_ru.zip_2018-05-31~2019-01-12.psf" MD5="717EB2A7B7429E4A8DC19938CF4C37F9" Type="PA30" Base="A977B7655520B16F4B1E51180774A795"/>
				<Delta Size="27016" URL="Config_Languages_ru.zip_2018-08-20~2019-01-12.psf" MD5="7C7A27D75185A5AF3E5BC0D3884B59EB" Type="PA30" Base="188F829C991325E6B7A9D3CB38FAA389"/>
				<Delta Size="42981" URL="Config_Languages_ru.zip_2019-01-12..zip" MD5="AA8C275544FBBBE1DE0BABB78E0EB8B3" Type="RAW"/>
			</Version>
		</ru>
		<tr Path="Config\Languages\tr.zip">
			<Version MD5="BC9A07F8EF2FD3AAE08F05D61DAB7CA6">
				<Delta Size="38818" URL="Config_Languages_tr.zip_2019-01-12..zip" MD5="BC9A07F8EF2FD3AAE08F05D61DAB7CA6" Type="RAW"/>
			</Version>
		</tr>
		<zh-hans Path="Config\Languages\zh-Hans.zip">
			<Version MD5="A4FA2B5A0F9BC8DA19549442AAA0D62D">
				<Delta Size="6867" URL="Config_Languages_zh-Hans.zip_2017-08-13~2018-03-28.psf" MD5="8CC9269750379A62D33D61BC2C951BFB" Type="PA30" Base="E146B81CA1D7E7A846381DADEC50E40C"/>
				<Delta Size="6852" URL="Config_Languages_zh-Hans.zip_2017-08-20~2018-03-28.psf" MD5="1E0A4561745DC1B33972BD0CEA902B73" Type="PA30" Base="2F8E54A85ECD2C906FA4E823F7F1FCC6"/>
				<Delta Size="6806" URL="Config_Languages_zh-Hans.zip_2017-08-26~2018-03-28.psf" MD5="3C21BC5E0356197E81E22764BA8930EE" Type="PA30" Base="88B0A0BAE49F813B442DD8D5EAD2AE21"/>
				<Delta Size="6844" URL="Config_Languages_zh-Hans.zip_2017-09-26~2018-03-28.psf" MD5="C2F2F8F40297D975D1FB64BB85B8781E" Type="PA30" Base="B7BAC03A508FD733ACEFFA71F5CE5293"/>
				<Delta Size="6736" URL="Config_Languages_zh-Hans.zip_2017-10-12~2018-03-28.psf" MD5="6D827F7A6AB55383E13AA165BE073695" Type="PA30" Base="534A65B921AB00D6011D85CF373F235C"/>
				<Delta Size="6861" URL="Config_Languages_zh-Hans.zip_2018-03-28..zip" MD5="A4FA2B5A0F9BC8DA19549442AAA0D62D" Type="RAW"/>
			</Version>
		</zh-hans>
		<zh-hant Path="Config\Languages\zh-Hant.zip">
			<Version MD5="1D54369E01EE08EFA57B484663B5C43E">
				<Delta Size="31656" URL="Config_Languages_zh-Hant.zip_2018-08-20~2019-01-18.psf" MD5="7898180E606254CF18150BA25D0F6A4E" Type="PA30" Base="5A8205E3727E8F3432DDE30103CDE9E4"/>
				<Delta Size="31009" URL="Config_Languages_zh-Hant.zip_2019-01-12~2019-01-18.psf" MD5="F70A1950D40801D77A45C2312B48A1DD" Type="PA30" Base="38D62D0B45A94D694A0BCA13B9AD01C7"/>
				<Delta Size="35153" URL="Config_Languages_zh-Hant.zip_2019-01-18..zip" MD5="1D54369E01EE08EFA57B484663B5C43E" Type="RAW"/>
			</Version>
		</zh-hant>
	</Languages>
	<WSUS Path="Config\wsusscn2.cab">
		<Version MD5="ac025a1e5b664f68fee2fb14fccb486b">
			<Delta Size="36167886" URL="wsusscn2_ac025a1e5b664f68fee2fb14fccb486b.cab" MD5="ac025a1e5b664f68fee2fb14fccb486b" Type="RAW"/>
		</Version>
	</WSUS>
	<Report>
		<UpdateReport>http://web1612151818153.bj01.bdysite.com/chuyu-analysis/client_update.php</UpdateReport>
		<CrashReport>http://web1612151818153.bj01.bdysite.com/chuyu-analysis/crash_report.php</CrashReport>
		<MinReport>A000100150001</MinReport>
		<Key>ynNMAs1BjAjE8WVY+ay9xA==</Key>
	</Report>
</UpdateInfo>

